title,content,sentiment
"boAt Storm Call 3 Review,",Comment Your Opinion,0
"boAt Storm Call 3 Review,",Nobhiiskebatmatsunbhiyashabfackha,0
"boAt Storm Call 3 Review,",I have boAt storm call and it have water resistant.,0
"boAt Storm Call 3 Review,",Bhai mara pass bhi nakin ko water proof or 1499rs ki ha,0
"boAt Storm Call 3 Review,",Hi how to setup time in this watch I tried via boat crest app but it says unable to connect. Bluetooth is connected only for calls and unable to change time,-1
"boAt Storm Call 3 Review,",Nice,1
"boAt Storm Call 3 Review,",Ask me Questions,0
I Tested Best In Budget AMOLED Smartwatch - boAt Lunar Connect Ace,"Boat , Amazefit, Fireboltt none has any watch manufacturing unit, neither any reasearch team. The are just picking chinese toy and selling on Indian market. Shameless.",-1
I Tested Best In Budget AMOLED Smartwatch - boAt Lunar Connect Ace,Mujhe bhi ek watch de do,0
I Tested Best In Budget AMOLED Smartwatch - boAt Lunar Connect Ace,iOS support?,0
I Tested Best In Budget AMOLED Smartwatch - boAt Lunar Connect Ace,bhai tu double L me q baat karta hai,-1
I Tested Best In Budget AMOLED Smartwatch - boAt Lunar Connect Ace,Last bala sahi tha bhai,1
I Tested Best In Budget AMOLED Smartwatch - boAt Lunar Connect Ace,Boat ka application bekar hai sync slow hai,-1
I Tested Best In Budget AMOLED Smartwatch - boAt Lunar Connect Ace,Hanging problem,-1
I Tested Best In Budget AMOLED Smartwatch - boAt Lunar Connect Ace,,0
I Tested Best In Budget AMOLED Smartwatch - boAt Lunar Connect Ace,Smart band,0
I Tested Best In Budget AMOLED Smartwatch - boAt Lunar Connect Ace,Bhai laggy hai..,-1
I Tested Best In Budget AMOLED Smartwatch - boAt Lunar Connect Ace,Name,0
I Tested Best In Budget AMOLED Smartwatch - boAt Lunar Connect Ace,Bro bro himmat hai to firebolt ki sabse sasti smart watch jismein games aur calculator Ho,1
I Tested Best In Budget AMOLED Smartwatch - boAt Lunar Connect Ace,Please Link,0
I Tested Best In Budget AMOLED Smartwatch - boAt Lunar Connect Ace,Link please send karo,0
I Tested Best In Budget AMOLED Smartwatch - boAt Lunar Connect Ace,Bhai watch ka name kya hai,0
I Tested Best In Budget AMOLED Smartwatch - boAt Lunar Connect Ace,Games ?,0
I Tested Best In Budget AMOLED Smartwatch - boAt Lunar Connect Ace,Boat Ultima prime review,0
I Tested Best In Budget AMOLED Smartwatch - boAt Lunar Connect Ace,Kaha se. Li. Batao,0
I Tested Best In Budget AMOLED Smartwatch - boAt Lunar Connect Ace,Tera over acting ke liye 1like kardiya,1
I Tested Best In Budget AMOLED Smartwatch - boAt Lunar Connect Ace,"Lunar connect ace ,",1
I Tested Best In Budget AMOLED Smartwatch - boAt Lunar Connect Ace,Wahiyat ad of boat,0
I Tested Best In Budget AMOLED Smartwatch - boAt Lunar Connect Ace,Lunar discovery unboxing please,0
I Tested Best In Budget AMOLED Smartwatch - boAt Lunar Connect Ace,"Should've had Ponting in there, c'mon",-1
I Tested Best In Budget AMOLED Smartwatch - boAt Lunar Connect Ace,"Shastri and Kris Srikanth, honourable mentions!!",1
I Tested Best In Budget AMOLED Smartwatch - boAt Lunar Connect Ace,Fire boltt ka check kar do,0
I Tested Best In Budget AMOLED Smartwatch - boAt Lunar Connect Ace,Same to me warch,0
I Tested Best In Budget AMOLED Smartwatch - boAt Lunar Connect Ace,Mat lo bhai kuch bhi nahi na calculator hai na password laga sakte hai na functional crown hai or na hi game hai,0
I Tested Best In Budget AMOLED Smartwatch - boAt Lunar Connect Ace,U r ho ho ho ho,0
I Tested Best In Budget AMOLED Smartwatch - boAt Lunar Connect Ace,Bekar watch hai bilkul...do baar service center bhej di tab bhi thik nahi hui Bluetooth connectivity problem hai aur phone hang ho raha hai application install karne ke baad,0
I Tested Best In Budget AMOLED Smartwatch - boAt Lunar Connect Ace,Kitne mile aman gupta se? Biased review mar diya kar be,-1
I Tested Best In Budget AMOLED Smartwatch - boAt Lunar Connect Ace,Price,0
I Tested Best In Budget AMOLED Smartwatch - boAt Lunar Connect Ace,Rectangles smart watch 4G,0
I Tested Best In Budget AMOLED Smartwatch - boAt Lunar Connect Ace,Try boat wave force 2,0
I Tested Best In Budget AMOLED Smartwatch - boAt Lunar Connect Ace,Yea watch moja da do,0
I Tested Best In Budget AMOLED Smartwatch - boAt Lunar Connect Ace,"BeatXp Nuke , Mattel strap mere pe bhee hai , Mattel body, amoled display, round dial,",0
I Tested Best In Budget AMOLED Smartwatch - boAt Lunar Connect Ace,Data sab fake hai isme,-1
I Tested Best In Budget AMOLED Smartwatch - boAt Lunar Connect Ace,Phir bhi nhi leni,0
I Tested Best In Budget AMOLED Smartwatch - boAt Lunar Connect Ace,Muje toh ye 2499 me Mila,0
I Tested Best In Budget AMOLED Smartwatch - boAt Lunar Connect Ace,Please boat primia curv watch ka review video banao na abhi tak kisi ne nhi banaya hai YouTube pe.,0
I Tested Best In Budget AMOLED Smartwatch - boAt Lunar Connect Ace,Price bta diya kr...,0
I Tested Best In Budget AMOLED Smartwatch - boAt Lunar Connect Ace,"Bro , lunar mirage unbox karo",0
I Tested Best In Budget AMOLED Smartwatch - boAt Lunar Connect Ace,Please,0
I Tested Best In Budget AMOLED Smartwatch - boAt Lunar Connect Ace,Mujhe gift kar do bhaiya ye watch,0
I Tested Best In Budget AMOLED Smartwatch - boAt Lunar Connect Ace,bhai na tammatar ka heart beat check nahi kiya. Karta to pata chal jata,-1
I Tested Best In Budget AMOLED Smartwatch - boAt Lunar Connect Ace,Bhai kA nto ki baris,0
I Tested Best In Budget AMOLED Smartwatch - boAt Lunar Connect Ace,Video jaldi lao,0
I Tested Best In Budget AMOLED Smartwatch - boAt Lunar Connect Ace,"Kitna tola bol ek baar 10 tola,10 tola...",0
I Tested Best In Budget AMOLED Smartwatch - boAt Lunar Connect Ace,One year ke baad battery problem ke full chances,0
I Tested Best In Budget AMOLED Smartwatch - boAt Lunar Connect Ace,Bhaiya yah watch mil sakti hai kya,0
I Tested Best In Budget AMOLED Smartwatch - boAt Lunar Connect Ace,Last was epic,0
I Tested Best In Budget AMOLED Smartwatch - boAt Lunar Connect Ace,5 din me kharaab hoo gyi bhai,-1
I Tested Best In Budget AMOLED Smartwatch - boAt Lunar Connect Ace,Model btao,0
I Tested Best In Budget AMOLED Smartwatch - boAt Lunar Connect Ace,Naam kya hai,0
I Tested Best In Budget AMOLED Smartwatch - boAt Lunar Connect Ace,Premium watch Casual unboxing,0
I Tested Best In Budget AMOLED Smartwatch - boAt Lunar Connect Ace,Banana watch dam hai to,0
I Tested Best In Budget AMOLED Smartwatch - boAt Lunar Connect Ace,Lekin Bhai isme speeker hai lekin usme ring nhi bajti ..or na hi alarm ka ring bjta hai.,0
I Tested Best In Budget AMOLED Smartwatch - boAt Lunar Connect Ace,Price batao in video,0
I Tested Best In Budget AMOLED Smartwatch - boAt Lunar Connect Ace,Kir ket,0
I Tested Best In Budget AMOLED Smartwatch - boAt Lunar Connect Ace,Pheli bar kisi video meh mujhe almost har question k answer pata tha and all thanks to you sir,1
I Tested Best In Budget AMOLED Smartwatch - boAt Lunar Connect Ace,Watch ne bottle se thoda pani pike khali kardiya,0
I Tested Best In Budget AMOLED Smartwatch - boAt Lunar Connect Ace,lunar connect ace,0
I Tested Best In Budget AMOLED Smartwatch - boAt Lunar Connect Ace,strap ?,0
I Tested Best In Budget AMOLED Smartwatch - boAt Lunar Connect Ace,Bhai 4g Android smartwatch test karo,0
I Tested Best In Budget AMOLED Smartwatch - boAt Lunar Connect Ace,For how much,0
I Tested Best In Budget AMOLED Smartwatch - boAt Lunar Connect Ace,Abey pinchu kaha h,0
I Tested Best In Budget AMOLED Smartwatch - boAt Lunar Connect Ace,Bahiya aisa smartwatch Lao jisme pdf de sake,0
I Tested Best In Budget AMOLED Smartwatch - boAt Lunar Connect Ace,End time is,0
I Tested Best In Budget AMOLED Smartwatch - boAt Lunar Connect Ace,Bhai price and link de do,0
I Tested Best In Budget AMOLED Smartwatch - boAt Lunar Connect Ace,Bro link open nhi hota,0
I Tested Best In Budget AMOLED Smartwatch - boAt Lunar Connect Ace,totara seat,0
I Tested Best In Budget AMOLED Smartwatch - boAt Lunar Connect Ace,Noise ka konsa smart watch kharidna hai,0
I Tested Best In Budget AMOLED Smartwatch - boAt Lunar Connect Ace,call Kiya,0
I Tested Best In Budget AMOLED Smartwatch - boAt Lunar Connect Ace,Bhai lunar orb ka review dekho please,0
I Tested Best In Budget AMOLED Smartwatch - boAt Lunar Connect Ace,Ye sab features to har watch me hy,0
I Tested Best In Budget AMOLED Smartwatch - boAt Lunar Connect Ace,Is it worth,0
I Tested Best In Budget AMOLED Smartwatch - boAt Lunar Connect Ace,Baiya Boat ke alawa bhi smartwatch try Karo,0
I Tested Best In Budget AMOLED Smartwatch - boAt Lunar Connect Ace,Price??,0
I Tested Best In Budget AMOLED Smartwatch - boAt Lunar Connect Ace,Pinchu,0
I Tested Best In Budget AMOLED Smartwatch - boAt Lunar Connect Ace,Boat enigm unboxing nhi aaeya,0
I Tested Best In Budget AMOLED Smartwatch - boAt Lunar Connect Ace,Chapri unboxing,0
I Tested Best In Budget AMOLED Smartwatch - boAt Lunar Connect Ace,Link,0
I Tested Best In Budget AMOLED Smartwatch - boAt Lunar Connect Ace,Ye sabse bekar watch he i order and return,-1
I Tested Best In Budget AMOLED Smartwatch - boAt Lunar Connect Ace,Fire boltt per bhi kar dho na,0
I Tested Best In Budget AMOLED Smartwatch - boAt Lunar Connect Ace,Maine le liya ye hang ho Raha hai ise koi mat lena,-1
I Tested Best In Budget AMOLED Smartwatch - boAt Lunar Connect Ace,50 RS kat overacting k,0
I Tested Best In Budget AMOLED Smartwatch - boAt Lunar Connect Ace,Bro price kya hai,0
I Tested Best In Budget AMOLED Smartwatch - boAt Lunar Connect Ace,Aman Gupta be like ye le kuch paise or bik ja,-1
I Tested Best In Budget AMOLED Smartwatch - boAt Lunar Connect Ace,Kabir t 800 ultra smart watch ki unboxing Kara raha nahi jate,0
I Tested Best In Budget AMOLED Smartwatch - boAt Lunar Connect Ace,"Bhai tra mu kaisa hai yr ,jb tu bolta hai ghungroo set",0
I Tested Best In Budget AMOLED Smartwatch - boAt Lunar Connect Ace,Ma,0
I Tested Best In Budget AMOLED Smartwatch - boAt Lunar Connect Ace,Bhai thik se bol le...,0
I Tested Best In Budget AMOLED Smartwatch - boAt Lunar Connect Ace,1,0
Budget Bluetooth Calling Smart Watch - boAt Wave Fury,Anna madal please,0
Budget Bluetooth Calling Smart Watch - boAt Wave Fury,Sim support undha,0
Budget Bluetooth Calling Smart Watch - boAt Wave Fury,Bro smart watch lo local music storage chesukone watch chopandi bro,0
Budget Bluetooth Calling Smart Watch - boAt Wave Fury,BOAT watch wave voice,0
Budget Bluetooth Calling Smart Watch - boAt Wave Fury,Annaya water thagu ane Notification vastada,0
Budget Bluetooth Calling Smart Watch - boAt Wave Fury,Anna wave Fury lo apps Ela download cheyali,0
Budget Bluetooth Calling Smart Watch - boAt Wave Fury,Brightness very bad,-1
Budget Bluetooth Calling Smart Watch - boAt Wave Fury,Anna button strong ne na,0
Budget Bluetooth Calling Smart Watch - boAt Wave Fury,Amazon lo undhadha bro,0
Budget Bluetooth Calling Smart Watch - boAt Wave Fury,Mana photos wallpaper ela set chasukovali Anna,0
Budget Bluetooth Calling Smart Watch - boAt Wave Fury,Bro Link pettu bro,0
Budget Bluetooth Calling Smart Watch - boAt Wave Fury,Fire Boltt smart watch click unboxing review,0
Budget Bluetooth Calling Smart Watch - boAt Wave Fury,Anna fire Boult 4g pro di unboxing,0
Budget Bluetooth Calling Smart Watch - boAt Wave Fury,Hi,0
Budget Bluetooth Calling Smart Watch - boAt Wave Fury,"Anna oka boat watch suggest cheyyi anna same anni features boat storm infinity lo undevi bluetooth calling, fast charging, long life battery 15 days 550mah, bulit in games, interface kuda same extraga navigation kuda undali",0
Budget Bluetooth Calling Smart Watch - boAt Wave Fury,Sir naa watch screen touch and hang aind,0
Budget Bluetooth Calling Smart Watch - boAt Wave Fury,Anna bitlu chudochaaaa ??,1
Budget Bluetooth Calling Smart Watch - boAt Wave Fury,Anna. 1500 watch .,0
Budget Bluetooth Calling Smart Watch - boAt Wave Fury,Anna Nee Shirt bagundi.... Shirt Link untey pettavaa,0
Budget Bluetooth Calling Smart Watch - boAt Wave Fury,Bro bt calling smart watch lo app download chaiyadam alla,0
Budget Bluetooth Calling Smart Watch - boAt Wave Fury,Bro we want 2gb data,0
Budget Bluetooth Calling Smart Watch - boAt Wave Fury,Enti bro nuvu kuda dabba items anni promote chestunav,0
Budget Bluetooth Calling Smart Watch - boAt Wave Fury,Anna YouTube comment typing freze avthundi pratisari.Any trick to solve it please,0
Budget Bluetooth Calling Smart Watch - boAt Wave Fury,best sim watch,0
Budget Bluetooth Calling Smart Watch - boAt Wave Fury,Smart watch Android sim card And MRP ? Video cheyu annaya,0
Budget Bluetooth Calling Smart Watch - boAt Wave Fury,Service of it worst,0
Budget Bluetooth Calling Smart Watch - boAt Wave Fury,Endorsing useless brands for money ? What about your followers ? Such a scammer,0
Budget Bluetooth Calling Smart Watch - boAt Wave Fury,Annaya boat wave lite cheyyandi,0
Budget Bluetooth Calling Smart Watch - boAt Wave Fury,Music vintaniki avuthundha,0
Budget Bluetooth Calling Smart Watch - boAt Wave Fury,Give the smart watch please,0
Budget Bluetooth Calling Smart Watch - boAt Wave Fury,Best android watch with sim card video cheyyandi bro,1
Budget Bluetooth Calling Smart Watch - boAt Wave Fury,How to set wallpaper,0
Budget Bluetooth Calling Smart Watch - boAt Wave Fury,Anna beatxpwatch online lo konukkunna none stop ga green light vasthundhi em cheyali,0
Budget Bluetooth Calling Smart Watch - boAt Wave Fury,Bro i have one doubt Bluetooth calling means headset tho matladadam aa,0
Budget Bluetooth Calling Smart Watch - boAt Wave Fury,boat wave fury,0
Budget Bluetooth Calling Smart Watch - boAt Wave Fury,"Bro ela kadhu, manchi tricks cheppandi in noise company",0
Budget Bluetooth Calling Smart Watch - boAt Wave Fury,Bro na dagara redmi watch 3 na mobail ki contact avatledhu anna em cheyali bro,0
Budget Bluetooth Calling Smart Watch - boAt Wave Fury,Bro blutooth watch only carry chesthe saripothundaa without mobile..,0
Budget Bluetooth Calling Smart Watch - boAt Wave Fury,Khana khana Bluetooth,0
Budget Bluetooth Calling Smart Watch - boAt Wave Fury,Boult 1.3 gurnchi cheppanna,0
Budget Bluetooth Calling Smart Watch - boAt Wave Fury,Anna fire bolt dream review pettu please,0
Budget Bluetooth Calling Smart Watch - boAt Wave Fury,Phone pakkane undala? Lekapothe phone intlo petti kuda watch ni use cheskovacha outside?,0
Budget Bluetooth Calling Smart Watch - boAt Wave Fury,Bro emaina tricks cheppava ?,0
Budget Bluetooth Calling Smart Watch - boAt Wave Fury,Anna boat app lo own walpaper image upload kaavatledhu Plz reply anna,-1
Budget Bluetooth Calling Smart Watch - boAt Wave Fury,prabhas,0
Budget Bluetooth Calling Smart Watch - boAt Wave Fury,Lock ala patale,0
Budget Bluetooth Calling Smart Watch - boAt Wave Fury,fury or sigma ? tell me fast im confused,0
Budget Bluetooth Calling Smart Watch - boAt Wave Fury,Bro nothing Smartwatch Gurinchi kuda cheyyandi,0
Budget Bluetooth Calling Smart Watch - boAt Wave Fury,Fire boltt dream wrist phone 4g LTE gurinchi review cheyandi anna,0
Budget Bluetooth Calling Smart Watch - boAt Wave Fury,How to buy bro,0
Budget Bluetooth Calling Smart Watch - boAt Wave Fury,Boat watches frequently disconnect avuthai Bluetooth...malli connect cheste can't connect ani vastadi...assalu konoddu nenu 2 types vadi cheptunna...built quality matram baguntadi...anthe...,-1
Budget Bluetooth Calling Smart Watch - boAt Wave Fury,"Thanks anna, I always looking your reviews to buy any smart things before buying",0
Budget Bluetooth Calling Smart Watch - boAt Wave Fury,Camera and gaming,0
Budget Bluetooth Calling Smart Watch - boAt Wave Fury,Bro mini pc video pattu,0
Budget Bluetooth Calling Smart Watch - boAt Wave Fury,Anna incoming calls display midha no show,0
Budget Bluetooth Calling Smart Watch - boAt Wave Fury,"Hi, . My watch is not connecting with Bluetooth. Because it need app. which app needed for connect.Bluetooth My watch name is Fit pro",-1
Budget Bluetooth Calling Smart Watch - boAt Wave Fury,Prasad anna link comment lo pettu please,0
Budget Bluetooth Calling Smart Watch - boAt Wave Fury,Anna naa friend vastundhani chepte what'sapp lo oka ti scan Chesa ippudu what'sapp open kavatle solution cheppu anna plzzzz,0
Budget Bluetooth Calling Smart Watch - boAt Wave Fury,A app ki connect cheyyali,0
Budget Bluetooth Calling Smart Watch - boAt Wave Fury,Anna music Ala play cheyyali anna video please new watch problem music,0
Budget Bluetooth Calling Smart Watch - boAt Wave Fury,Do a video on How to diss connect smart watch call nd media speaker while using ear pods Watch nd ear pods connect cheste calls nd YouTube audio watch lo vastundi prati sari Bluetooth settings lo media off cheyalsi vastundi bro,0
Budget Bluetooth Calling Smart Watch - boAt Wave Fury,Nen 1100 ki tiskunna bro Flipkart lo,0
Budget Bluetooth Calling Smart Watch - boAt Wave Fury,Anna apple watch project,0
Budget Bluetooth Calling Smart Watch - boAt Wave Fury,Game's vunaya,0
Budget Bluetooth Calling Smart Watch - boAt Wave Fury,Anna beat xp vega gurinchi chepava,0
Budget Bluetooth Calling Smart Watch - boAt Wave Fury,GPS untada bro,0
Budget Bluetooth Calling Smart Watch - boAt Wave Fury,Lefun y10,0
Budget Bluetooth Calling Smart Watch - boAt Wave Fury,Nenu theesukunna anna 1099 ki flipkart big billion days offer loo,0
Budget Bluetooth Calling Smart Watch - boAt Wave Fury,Bluetooth range entha untadhi bro ?,0
Budget Bluetooth Calling Smart Watch - boAt Wave Fury,Anna link pattu anna,0
Budget Bluetooth Calling Smart Watch - boAt Wave Fury,Fire-bollt circle watch,0
Budget Bluetooth Calling Smart Watch - boAt Wave Fury,Anna firebolt cobra smart watch review cheppu anna plzz,0
Budget Bluetooth Calling Smart Watch - boAt Wave Fury,Annasimwatch,0
Budget Bluetooth Calling Smart Watch - boAt Wave Fury,App am vastha leav gaa bro,0
Budget Bluetooth Calling Smart Watch - boAt Wave Fury,Anna evari number ayina track chesi ekkadunnaro telusukovadaniki edhayina trick cheppu anna pls anna life matter pls anna,0
Budget Bluetooth Calling Smart Watch - boAt Wave Fury,Ios ki suppor chesthunda ?,0
Budget Bluetooth Calling Smart Watch - boAt Wave Fury,Anna Fastrack revoltt FS1pro,0
Budget Bluetooth Calling Smart Watch - boAt Wave Fury,Which smart watch is the best anna,0
Budget Bluetooth Calling Smart Watch - boAt Wave Fury,Games vunaya,0
Budget Bluetooth Calling Smart Watch - boAt Wave Fury,Amazon lo unna boat wave call 2 same ha?,0
Budget Bluetooth Calling Smart Watch - boAt Wave Fury,Evaraina Maa Darling Ni Use Chesthune Untaara Aakariki Prasad Anna Nuv Koodaa Naa,0
Budget Bluetooth Calling Smart Watch - boAt Wave Fury,Suggest below 2k price bro,0
Budget Bluetooth Calling Smart Watch - boAt Wave Fury,Battery life,0
Budget Bluetooth Calling Smart Watch - boAt Wave Fury,I love you bava nuvvu ante naku chala estam,0
Budget Bluetooth Calling Smart Watch - boAt Wave Fury,Charging how many day,0
Budget Bluetooth Calling Smart Watch - boAt Wave Fury,CMF watch nothing watch chey anna,0
Budget Bluetooth Calling Smart Watch - boAt Wave Fury,Bluetooth off Allah cheyali on,0
Budget Bluetooth Calling Smart Watch - boAt Wave Fury,Bluetooth off on,0
Budget Bluetooth Calling Smart Watch - boAt Wave Fury,anna camera watch ceppu anna no phone connection,0
Budget Bluetooth Calling Smart Watch - boAt Wave Fury,Anna noise watch apps download cheayadam ela,0
Budget Bluetooth Calling Smart Watch - boAt Wave Fury,Brother gaming watch 4games under 2000 with crown rotation button,0
Budget Bluetooth Calling Smart Watch - boAt Wave Fury,Anna Idhi android phones ki work avvutundha,0
Budget Bluetooth Calling Smart Watch - boAt Wave Fury,Link ekkada,0
Budget Bluetooth Calling Smart Watch - boAt Wave Fury,Anna realme c53 mobile lo font style change cheyadam ela,0
Budget Bluetooth Calling Smart Watch - boAt Wave Fury,"Anna please make a video on how can we get games, YouTube in boat Strom smart watch",0
boAt vs Noise SmartwatchesKonsi Best Smartwatch Under 2000?,Water reminder boat exclusive??,0
boAt vs Noise SmartwatchesKonsi Best Smartwatch Under 2000?,Koi mt lena costom watch face ke liye subscription lena hoga 99 rs ka,0
boAt vs Noise SmartwatchesKonsi Best Smartwatch Under 2000?,"Don't buy noise smartwatch, their service is too bad. You'll regret",0
boAt vs Noise SmartwatchesKonsi Best Smartwatch Under 2000?,Bhai noise colourfit pro 6 ki bhi batao na please,0
boAt vs Noise SmartwatchesKonsi Best Smartwatch Under 2000?,Thanks bro you helped me so much,0
boAt vs Noise SmartwatchesKonsi Best Smartwatch Under 2000?,Ram fir bhag ke gaya aur apple watch ultra la ke dedi to babuji ne jayadad ram ke nam pe kar di,0
boAt vs Noise SmartwatchesKonsi Best Smartwatch Under 2000?,Sir redmi watch move review please,0
boAt vs Noise SmartwatchesKonsi Best Smartwatch Under 2000?,Please make more videos smart watch under 1500-200 please,0
boAt vs Noise SmartwatchesKonsi Best Smartwatch Under 2000?,Sir merko mobile se headphone and display dono ka output lena hai to kuch recommend karo,0
boAt vs Noise SmartwatchesKonsi Best Smartwatch Under 2000?,Bhai aap manoge nahi but mera naam shyam hai aur mere Bhai ka naam ram hai,0
boAt vs Noise SmartwatchesKonsi Best Smartwatch Under 2000?,Snapdragon summit hua hain uske upar video ayega??,0
boAt vs Noise SmartwatchesKonsi Best Smartwatch Under 2000?,Bro make video about origin os coming in india,0
boAt vs Noise SmartwatchesKonsi Best Smartwatch Under 2000?,Bhaiya mere dost ko best camera aur achhi ek phone chahiye under 20k,0
boAt vs Noise SmartwatchesKonsi Best Smartwatch Under 2000?,Wow,1
boAt vs Noise SmartwatchesKonsi Best Smartwatch Under 2000?,Aloo khaoge ?,0
boAt vs Noise SmartwatchesKonsi Best Smartwatch Under 2000?,Noise me AI create and AI s arch bhi hai,0
boAt vs Noise SmartwatchesKonsi Best Smartwatch Under 2000?,Full video under 1999. Smart watch,0
boAt vs Noise SmartwatchesKonsi Best Smartwatch Under 2000?,Infinix gt 30 5g,0
boAt vs Noise SmartwatchesKonsi Best Smartwatch Under 2000?,First comment,0
boAt vs Noise SmartwatchesKonsi Best Smartwatch Under 2000?,Babuji ka sirf dadhi pakke Hain Yah bahut achcha Laga video,0
boAt vs Noise SmartwatchesKonsi Best Smartwatch Under 2000?,Jo like sebacrebe nahin kare ga uska uska sapna pura nahi hoha,-1
TOP 5 Best Smartwatch Under 1000 in India Best Smart watch under 1000,Fire bolt kharb hai battery badiya nahi,0
TOP 5 Best Smartwatch Under 1000 in India Best Smart watch under 1000,Fireboltt mc,0
TOP 5 Best Smartwatch Under 1000 in India Best Smart watch under 1000,Android,0
TOP 5 Best Smartwatch Under 1000 in India Best Smart watch under 1000,Best analog jext,0
TOP 5 Best Smartwatch Under 1000 in India Best Smart watch under 1000,Bhai mere ko bhi De De,0
TOP 5 Best Smartwatch Under 1000 in India Best Smart watch under 1000,Sim card smath watch please,0
TOP 5 Best Smartwatch Under 1000 in India Best Smart watch under 1000,Bhaak all 5 smart watch bhaak,0
TOP 5 Best Smartwatch Under 1000 in India Best Smart watch under 1000,Mara fire bolt hunter ha,0
TOP 5 Best Smartwatch Under 1000 in India Best Smart watch under 1000,Mere pass mein fire-boltt calling Pro hai,0
TOP 5 Best Smartwatch Under 1000 in India Best Smart watch under 1000,Bhai ye sab kya karte Hain,0
TOP 5 Best Smartwatch Under 1000 in India Best Smart watch under 1000,Bhai 1000 se zada hai,0
TOP 5 Best Smartwatch Under 1000 in India Best Smart watch under 1000,Watch me home old Faridabad,0
TOP 5 Best Smartwatch Under 1000 in India Best Smart watch under 1000,Noise twost mere pas he,0
TOP 5 Best Smartwatch Under 1000 in India Best Smart watch under 1000,Abe boat ki wave furious duniya ki Sabse mahangi watch Delha,-1
TOP 5 Best Smartwatch Under 1000 in India Best Smart watch under 1000,Bro redmi watch 5 active and i subscribe,0
TOP 5 Best Smartwatch Under 1000 in India Best Smart watch under 1000,Dam Hai to donon,0
TOP 5 Best Smartwatch Under 1000 in India Best Smart watch under 1000,2500 under boat ka kon sa watch acha hai,0
TOP 5 Best Smartwatch Under 1000 in India Best Smart watch under 1000,Bhaiya plz koi ek watch dedo aderess hamirpur up rani laxmi bai,0
TOP 5 Best Smartwatch Under 1000 in India Best Smart watch under 1000,Firebolt ki ghadi ghatiya Hoti Hai 6000 ki visionary ultra kharidi Thi 15 din mein Hi kharab ho gai vah bhi ek bar nahin do bar 12000 bekar mein Gaye,-1
TOP 5 Best Smartwatch Under 1000 in India Best Smart watch under 1000,Balveer ka picture bada Bajar,0
TOP 5 Best Smartwatch Under 1000 in India Best Smart watch under 1000,Please send me,0
TOP 5 Best Smartwatch Under 1000 in India Best Smart watch under 1000,Noise,0
TOP 5 Best Smartwatch Under 1000 in India Best Smart watch under 1000,Track activity baker hai,0
TOP 5 Best Smartwatch Under 1000 in India Best Smart watch under 1000,4,0
TOP 5 Best Smartwatch Under 1000 in India Best Smart watch under 1000,Under 1500 best smartwatch with fully loaded feautures best build quality,0
TOP 5 Best Smartwatch Under 1000 in India Best Smart watch under 1000,Noice pluse 3,1
TOP 5 Best Smartwatch Under 1000 in India Best Smart watch under 1000,Mere ko chahie,0
TOP 5 Best Smartwatch Under 1000 in India Best Smart watch under 1000,Smart watch garbage,0
TOP 5 Best Smartwatch Under 1000 in India Best Smart watch under 1000,Firebolt,0
TOP 5 Best Smartwatch Under 1000 in India Best Smart watch under 1000,Boult drift mat lena,0
TOP 5 Best Smartwatch Under 1000 in India Best Smart watch under 1000,Fire boltt smart watch like,0
TOP 5 Best Smartwatch Under 1000 in India Best Smart watch under 1000,Round me best hai noise crewfit our normal me noise iconbuzzmere paas dono hai isliye pta hai,0
TOP 5 Best Smartwatch Under 1000 in India Best Smart watch under 1000,Bhai aapke hath mein Jo smart watch hai uska naam bataiye,0
TOP 5 Best Smartwatch Under 1000 in India Best Smart watch under 1000,I like smartwatch please buy for me smartwatch,1
TOP 5 Best Smartwatch Under 1000 in India Best Smart watch under 1000,I like smart watch,1
TOP 5 Best Smartwatch Under 1000 in India Best Smart watch under 1000,Bro redmi watch 5 active or Redmi watch move which is best,0
TOP 5 Best Smartwatch Under 1000 in India Best Smart watch under 1000,Noise crew kaisa hai,0
TOP 5 Best Smartwatch Under 1000 in India Best Smart watch under 1000,Mujhaoneshamarfchahia,0
TOP 5 Best Smartwatch Under 1000 in India Best Smart watch under 1000,Toh phle last 2 btata na,0
TOP 5 Best Smartwatch Under 1000 in India Best Smart watch under 1000,Achha sa 1k ke under calling ear bud batayiye please,0
TOP 5 Best Smartwatch Under 1000 in India Best Smart watch under 1000,Bahiya kam nhi kar rah hai,0
TOP 5 Best Smartwatch Under 1000 in India Best Smart watch under 1000,Online courier,0
TOP 5 Best Smartwatch Under 1000 in India Best Smart watch under 1000,Boat rokerz 480 ka bass accha hai plz reply me,0
TOP 5 Best Smartwatch Under 1000 in India Best Smart watch under 1000,Boat rokerz 480 ki bass kaisa hai plz reply me,0
TOP 5 Best Smartwatch Under 1000 in India Best Smart watch under 1000,Bro under 2500,0
TOP 5 Best Smartwatch Under 1000 in India Best Smart watch under 1000,Go boult drift plus liya maine bahut accha watch hai,0
TOP 5 Best Smartwatch Under 1000 in India Best Smart watch under 1000,Bhai mujhe bhi nahin smart watch Maine subscribe Kar Diya,0
TOP 5 Best Smartwatch Under 1000 in India Best Smart watch under 1000,Broo amkette boomer fx pro speaker plsssasssss video,0
boAt Best Selling Smart Watch Here ! boAt Storm Call 2,Anna please tell smart watches with camera control option,0
boAt Best Selling Smart Watch Here ! boAt Storm Call 2,Anna oka watch konali ante. minimum em spec undali cheppu anna,0
boAt Best Selling Smart Watch Here ! boAt Storm Call 2,Bro suggest water resistant watch in budget,0
boAt Best Selling Smart Watch Here ! boAt Storm Call 2,"Fire-Boltt Ninja Call Pro Max Smart Watch 2.01 inch Display, Bluetooth Calling, 120 Sports Modes, Health Suite, Voice Assistance Forest Green",0
boAt Best Selling Smart Watch Here ! boAt Storm Call 2,Anna youtube or instagram chudacha,0
boAt Best Selling Smart Watch Here ! boAt Storm Call 2,Link send me anna,0
boAt Best Selling Smart Watch Here ! boAt Storm Call 2,S8 ultra sim watch reviewplz,0
boAt Best Selling Smart Watch Here ! boAt Storm Call 2,Links,0
boAt Best Selling Smart Watch Here ! boAt Storm Call 2,Anna link petuu please anna,0
boAt Best Selling Smart Watch Here ! boAt Storm Call 2,anna sensex chusukovaccha trading purpose,0
boAt Best Selling Smart Watch Here ! boAt Storm Call 2,Anna fire blott dream watch review chepu anna,0
boAt Best Selling Smart Watch Here ! boAt Storm Call 2,Under 2k best smart watch,1
boAt Best Selling Smart Watch Here ! boAt Storm Call 2,"Anna apple watch series 7,8,9,10 lo edi value for money edi konukovali difference emi ani cheppandi anna",0
boAt Best Selling Smart Watch Here ! boAt Storm Call 2,Anna what about totwoo watch,0
boAt Best Selling Smart Watch Here ! boAt Storm Call 2,Anna ladies ki below 3k lo best smart watch cheppu anna,0
boAt Best Selling Smart Watch Here ! boAt Storm Call 2,Contacts checking,0
boAt Best Selling Smart Watch Here ! boAt Storm Call 2,"Anna oka boat watch suggest cheyyi anna same anni features boat storm infinity lo undevi bluetooth calling, fast charging, long life battery 15 days 550mah, bulit in games, live cricket score, interface kuda same, water proof and manchi display quality extraga navigation kuda undali",0
boAt Best Selling Smart Watch Here ! boAt Storm Call 2,Anna please full video,0
boAt Best Selling Smart Watch Here ! boAt Storm Call 2,Anna nenu mee daggara work cheyalani undi,0
boAt Best Selling Smart Watch Here ! boAt Storm Call 2,Anna round shape watch,0
boAt Best Selling Smart Watch Here ! boAt Storm Call 2,Thanks Anna use ayindi,0
boAt Best Selling Smart Watch Here ! boAt Storm Call 2,"Bro, campaq xbreed series 1.78 display watch feature cheppu please",0
boAt Best Selling Smart Watch Here ! boAt Storm Call 2,YouTube,0
boAt Best Selling Smart Watch Here ! boAt Storm Call 2,Bro smart watches tho payment chayacha ela undtadi lte watches tho cheyachu ga phone lekunda adha use chayacha,0
boAt Best Selling Smart Watch Here ! boAt Storm Call 2,Can we connect this for iPhone,0
boAt Best Selling Smart Watch Here ! boAt Storm Call 2,Anna smart watch manchi company ante under 1000 rupees sim card working and games work,1
boAt Best Selling Smart Watch Here ! boAt Storm Call 2,iOS ki support chese best smartwatch cheppana please,0
boAt Best Selling Smart Watch Here ! boAt Storm Call 2,Bgmi was personal,0
boAt Best Selling Smart Watch Here ! boAt Storm Call 2,Bro iphone ki best smart watch with low budget chepandi,0
boAt Best Selling Smart Watch Here ! boAt Storm Call 2,Suggest me in boat 1000- 1200 watch,0
boAt Best Selling Smart Watch Here ! boAt Storm Call 2,Bro explain about strome call 3,0
boAt Best Selling Smart Watch Here ! boAt Storm Call 2,Bost and noise best brand Cheppu anna speakers and smart watch thisukovalli Cheppu anna,0
boAt Best Selling Smart Watch Here ! boAt Storm Call 2,Anarc watch review,0
boAt Best Selling Smart Watch Here ! boAt Storm Call 2,Anna ANARC KUDHA try chey anna,0
boAt Best Selling Smart Watch Here ! boAt Storm Call 2,Anna boat lte watch review kavaali,0
boAt Best Selling Smart Watch Here ! boAt Storm Call 2,Poor design,0
boAt Best Selling Smart Watch Here ! boAt Storm Call 2,Anna iwant to talk to u anna,0
boAt Best Selling Smart Watch Here ! boAt Storm Call 2,Anna iPhone 13 saripoyi watch cheppandi,0
boAt Best Selling Smart Watch Here ! boAt Storm Call 2,this is water proof or not,0
boAt Best Selling Smart Watch Here ! boAt Storm Call 2,Anna ikkada use chesina mobile model,0
boAt Best Selling Smart Watch Here ! boAt Storm Call 2,Links pettu bro,0
boAt Best Selling Smart Watch Here ! boAt Storm Call 2,Anna deaf person ki best watch chepu ana call and MSG vasthi watch' vibration Baga ekuva ga ravali,0
boAt Best Selling Smart Watch Here ! boAt Storm Call 2,Bro is this watch is connectable to iPhones??,0
boAt Best Selling Smart Watch Here ! boAt Storm Call 2,Anna firebolt crikk Android full video,0
boAt Best Selling Smart Watch Here ! boAt Storm Call 2,Anna boat buds lo aac antte entti anna,0
boAt Best Selling Smart Watch Here ! boAt Storm Call 2,Anna strong call 3 explain chey anna please,0
boAt Best Selling Smart Watch Here ! boAt Storm Call 2,"Anna, naku oka suggest chey anna Sim watch Budget lo kavali Cheppu anna",0
boAt Best Selling Smart Watch Here ! boAt Storm Call 2,Anna fireboltt cyclone on off issue anna please chapu anna,0
boAt Best Selling Smart Watch Here ! boAt Storm Call 2,Iphone ki connect avutunda bro,0
boAt Best Selling Smart Watch Here ! boAt Storm Call 2,Anna Strom kadu stormspell stom,0
boAt Best Selling Smart Watch Here ! boAt Storm Call 2,Anna mobile watch ki galary vunde watch chpu anna,0
boAt Best Selling Smart Watch Here ! boAt Storm Call 2,Anna sim card yunde watch chepava low price low anna,0
boAt Best Selling Smart Watch Here ! boAt Storm Call 2,How to change wallpaper in firebolt oracle watch,0
boAt Best Selling Smart Watch Here ! boAt Storm Call 2,Anna unbox iTel watch,0
boAt Best Selling Smart Watch Here ! boAt Storm Call 2,Anna giveaway,0
boAt Best Selling Smart Watch Here ! boAt Storm Call 2,girls touch watches kavali annna okka video chai,0
boAt Best Selling Smart Watch Here ! boAt Storm Call 2,Can you please give me,0
boAt Best Selling Smart Watch Here ! boAt Storm Call 2,Samsung f15 Best na. M34 bestaa please replay,0
boAt Best Selling Smart Watch Here ! boAt Storm Call 2,Bro adhi online app chupisthondhi amount pay cheyavacha,0
boAt Best Selling Smart Watch Here ! boAt Storm Call 2,Bro giveaway ivachu ga watch,0
boAt Best Selling Smart Watch Here ! boAt Storm Call 2,Anna a hair colour brand vadutunr super.,1
boAt Best Selling Smart Watch Here ! boAt Storm Call 2,Games unnaya ledha ani kuda chappandi,0
boAt Best Selling Smart Watch Here ! boAt Storm Call 2,boat ultratime connect watch No music play bro watch lo ?,0
boAt Best Selling Smart Watch Here ! boAt Storm Call 2,Anna fire robot Ninja cartoon,0
boAt Best Selling Smart Watch Here ! boAt Storm Call 2,super anna,1
boAt Best Selling Smart Watch Here ! boAt Storm Call 2,Anna watch rate antha,0
boAt Best Selling Smart Watch Here ! boAt Storm Call 2,Dhonnobad,1
boAt Best Selling Smart Watch Here ! boAt Storm Call 2,Is recording feature is available in this watch,0
boAt Best Selling Smart Watch Here ! boAt Storm Call 2,Strap size entha bro edhi,0
boAt Best Selling Smart Watch Here ! boAt Storm Call 2,Annaya whats up lo deleted ipoh yahoo pics ela restore chysukovalo cheppu anna please family matter,0
boAt Best Selling Smart Watch Here ! boAt Storm Call 2,Touch not working,0
boAt Best Selling Smart Watch Here ! boAt Storm Call 2,Sound alaa vundhi bro... Bike ride chestunapudu sound vinipisthundha,0
boAt Best Selling Smart Watch Here ! boAt Storm Call 2,?,0
boAt Best Selling Smart Watch Here ! boAt Storm Call 2,Product Out of stock ipendi anya elaga?,0
boAt Best Selling Smart Watch Here ! boAt Storm Call 2,Bro ultran 8 watchs real Sim watchs,0
boAt Best Selling Smart Watch Here ! boAt Storm Call 2,Anna iPhone ki connected avuthumdha,0
boAt Best Selling Smart Watch Here ! boAt Storm Call 2,Music not working properly,0
boAt Best Selling Smart Watch Here ! boAt Storm Call 2,Bro e watch cahrger cable poinde ede tiskovali kuncham chepandi please,-1
boAt Best Selling Smart Watch Here ! boAt Storm Call 2,realme smart watch gurinchi video cheyandi,0
boAt Best Selling Smart Watch Here ! boAt Storm Call 2,Anna water proof vubtundha,0
boAt Best Selling Smart Watch Here ! boAt Storm Call 2,Avasaram leadu bro,0
boAt Best Selling Smart Watch Here ! boAt Storm Call 2,Games,0
boAt Best Selling Smart Watch Here ! boAt Storm Call 2,Anna please na mail id recovery chese option cheppu urgent,0
boAt Best Selling Smart Watch Here ! boAt Storm Call 2,Boat products asalu vadkudadu Anna smart watches lu Sariga pani cheyadam ledu,0
boAt Best Selling Smart Watch Here ! boAt Storm Call 2,Fire bolt okay 999,0
boAt Best Selling Smart Watch Here ! boAt Storm Call 2,Anna meru ame diet plan chesaru bhaga tagaru,0
boAt Best Selling Smart Watch Here ! boAt Storm Call 2,Na watch swich off indhi aadhi poindhi eela kanipettali annaaa plssssssssssssssssss,0
boAt Best Selling Smart Watch Here ! boAt Storm Call 2,How to find if it's gone,0
boAt Best Selling Smart Watch Here ! boAt Storm Call 2,thanks anna,0
boAt Best Selling Smart Watch Here ! boAt Storm Call 2,"Bro,fire boltt invincible plus Try chey confirm niku nachidhi Please review pettu",0
boAt Best Selling Smart Watch Here ! boAt Storm Call 2,Best women smartwatch yedhaina cheppu anna,0
boAt Best Selling Smart Watch Here ! boAt Storm Call 2,Anna please reply anna small help kavali,0
1200 boAt Smartwatch vs My Old watch,Link -,0
1200 boAt Smartwatch vs My Old watch,1250 storm call,0
1200 boAt Smartwatch vs My Old watch,Hotel ke niche bhole ka Kya Hai uske aage aage Sanju ka kahana uske aage Katara ke dikhta Hai uske aage Ghar dikhega vah,0
1200 boAt Smartwatch vs My Old watch,Abhi main cal jaane wala hun 700 aap de dena ka parson 200 Aakar de dena,0
1200 boAt Smartwatch vs My Old watch,Abhi main aapka bhai hun abhi mere ko bhai main rahata hun Ulhasnagar abhi main Apne gaon mein cal jaunga aapane Ulhasnagar Pune hotel ke niche Sanju Kaka pata Hai Ulhasnagar ke,0
1200 boAt Smartwatch vs My Old watch,Ab main tumhara bhai hai fridge,0
1200 boAt Smartwatch vs My Old watch,Please na jaldi de do 10 milian 1000 iPhone 17 Pro Max,0
1200 boAt Smartwatch vs My Old watch,Prema de do na bhai mere ko bhai samajh ke de do abhi main aapka bhai banaa,0
1200 boAt Smartwatch vs My Old watch,Bhai mera mere ko bhai samajh ke 10000 rupaye aur iPhone 17 dila kar do om mynameisom,0
1200 boAt Smartwatch vs My Old watch,Noisefit colourfit 2 pulsemax,0
1200 boAt Smartwatch vs My Old watch,"6,000",0
1200 boAt Smartwatch vs My Old watch,100,0
1200 boAt Smartwatch vs My Old watch,Boat company ka 3500 ka ghadi,0
1200 boAt Smartwatch vs My Old watch,Boat company ka 3500,0
1200 boAt Smartwatch vs My Old watch,Game hai isme,0
1200 boAt Smartwatch vs My Old watch,One phone please,0
1200 boAt Smartwatch vs My Old watch,7000,0
1200 boAt Smartwatch vs My Old watch,Bhai yarr mujhe study ke liye koi best phone gift kar do bhai,0
1200 boAt Smartwatch vs My Old watch,RS 1000,0
1200 boAt Smartwatch vs My Old watch,Please give me phone,0
1200 boAt Smartwatch vs My Old watch,Apple watch -100000,0
1200 boAt Smartwatch vs My Old watch,Boat wave Fury,0
1200 boAt Smartwatch vs My Old watch,3000,0
1200 boAt Smartwatch vs My Old watch,Humne 599 mein Le li,0
1200 boAt Smartwatch vs My Old watch,2000,0
1200 boAt Smartwatch vs My Old watch,100000,0
1200 boAt Smartwatch vs My Old watch,414 t800 ultra Smart Watch,0
1200 boAt Smartwatch vs My Old watch,"2,799",0
1200 boAt Smartwatch vs My Old watch,Boult smart watch sk 1000,0
1200 boAt Smartwatch vs My Old watch,100000000000000000000000000000000000000000000000000000000000000999999 ki hai,0
1200 boAt Smartwatch vs My Old watch,1200,0
1200 boAt Smartwatch vs My Old watch,1500,0
1200 boAt Smartwatch vs My Old watch,"50, 000 ke",0
1200 boAt Smartwatch vs My Old watch,5000,0
1200 boAt Smartwatch vs My Old watch,Boat wave Astra 3 Rs.8999,0
1200 boAt Smartwatch vs My Old watch,Bhai meri beatxp Marv Ace me ye sare feature hai aur woh 999- ki hai,0
1200 boAt Smartwatch vs My Old watch,1000,0
1200 boAt Smartwatch vs My Old watch,10,0
1200 boAt Smartwatch vs My Old watch,89999 ki apple smartwatch garibon,0
1200 boAt Smartwatch vs My Old watch,10000000,0
1200 boAt Smartwatch vs My Old watch,530,0
1200 boAt Smartwatch vs My Old watch,500,0
1200 boAt Smartwatch vs My Old watch,Rolex 11 5000,0
1200 boAt Smartwatch vs My Old watch,822,0
1200 boAt Smartwatch vs My Old watch,900 rs ki,0
1200 boAt Smartwatch vs My Old watch,Only 999 rupees ka hai,1
1200 boAt Smartwatch vs My Old watch,Rs. 8000,0
1200 boAt Smartwatch vs My Old watch,Bhaiya Jo watch aapke pass abhi Thi new wali bilkul sem Hai Vahi design hai mere pass,0
1200 boAt Smartwatch vs My Old watch,50million,0
1200 boAt Smartwatch vs My Old watch,smart watchNahin hai,0
1200 boAt Smartwatch vs My Old watch,6000My name is a Aarohi,0
1200 boAt Smartwatch vs My Old watch,My smart cost is 10 Lakhs because she is golden and diamond plating smart watch,0
1200 boAt Smartwatch vs My Old watch,Bhai ek bar bas mere liye noise ki thrill smart watch test karke dekho please,0
1200 boAt Smartwatch vs My Old watch,boat xtend smart watch,0
1200 boAt Smartwatch vs My Old watch,1 lakh 80 thousand,0
1200 boAt Smartwatch vs My Old watch,hw s12 call smartwatch 5199,0
1200 boAt Smartwatch vs My Old watch,600000,0
1200 boAt Smartwatch vs My Old watch,Fastrack fs1,0
1200 boAt Smartwatch vs My Old watch,Bhai mere pass 500 smart hai,0
1200 boAt Smartwatch vs My Old watch,Chilla kyu raha hai,0
1200 boAt Smartwatch vs My Old watch,Nice ki 2 lakh ki,1
1200 boAt Smartwatch vs My Old watch,800,0
1200 boAt Smartwatch vs My Old watch,300000 ka IQ watch smart watch,0
1200 boAt Smartwatch vs My Old watch,Apple watch ultra,0
1200 boAt Smartwatch vs My Old watch,"90,000",0
1200 boAt Smartwatch vs My Old watch,53hajar,0
1200 boAt Smartwatch vs My Old watch,"1,499 fire bolt talk bluetooth",0
1200 boAt Smartwatch vs My Old watch,Boat Avanti bar thump,0
1200 boAt Smartwatch vs My Old watch,1k,0
1200 boAt Smartwatch vs My Old watch,Rs1000,0
1200 boAt Smartwatch vs My Old watch,DW 89 ultra 4G,0
1200 boAt Smartwatch vs My Old watch,2200 ka,0
1200 boAt Smartwatch vs My Old watch,Rs453,0
1200 boAt Smartwatch vs My Old watch,"Apple watch 90,000",0
1200 boAt Smartwatch vs My Old watch,500 sache e mere pas hai,0
1200 boAt Smartwatch vs My Old watch,Same mere pass bhi,0
1200 boAt Smartwatch vs My Old watch,700,0
1200 boAt Smartwatch vs My Old watch,"3000000000,00",0
1200 boAt Smartwatch vs My Old watch,10200,0
1200 boAt Smartwatch vs My Old watch,4200,0
1200 boAt Smartwatch vs My Old watch,Mere pas to koy si nhi hai,-1
1200 boAt Smartwatch vs My Old watch,"Rs,25000",0
1200 boAt Smartwatch vs My Old watch,10000 ki smartwatch,0
1200 boAt Smartwatch vs My Old watch,Boat wave Astra 3 boat 1500,0
1200 boAt Smartwatch vs My Old watch,400 ki smart watch0,0
1200 boAt Smartwatch vs My Old watch,-0,0
1200 boAt Smartwatch vs My Old watch,Filkart 365 Download,0
1200 boAt Smartwatch vs My Old watch,Mera pass 15000 ki hai,0
1200 boAt Smartwatch vs My Old watch,Realme watch 2 pro,0
1200 boAt Smartwatch vs My Old watch,2500,0
1200 boAt Smartwatch vs My Old watch,Smart watch to chhoro watch bhi nahi hai,0
1200 boAt Smartwatch vs My Old watch,10000,0
1200 boAt Smartwatch vs My Old watch,612,0
Boat Storm call 3 Turn By Turn Navigation Strom Call Unboxing,if you want to get is a good,0
Boat Storm call 3 Turn By Turn Navigation Strom Call Unboxing,Bhai mera bhi naam ronak he,0
Boat Storm call 3 Turn By Turn Navigation Strom Call Unboxing,I have boat smart watch,0
Boat Storm call 3 Turn By Turn Navigation Strom Call Unboxing,Bots Storm Call 3 vs Bots Wave Forec 2 Please make it,0
Boat Storm call 3 Turn By Turn Navigation Strom Call Unboxing,"Hello guys, if you want to buy this watch strom call , don't buy I have the same it is cheaper and has no features. But is Waterproof. It has only features like stopwatch, timer etc. also the sensor in this watch is fake. If you want to buy smart watch under 2000 buy a fire bolt or boult watches. Don't buy this",-1
Boat Storm call 3 Turn By Turn Navigation Strom Call Unboxing,"If I connect this watch and earbuds to my mobile and I call someone, can I use direct audio from earbuds, without touching my phone?",0
Boat Storm call 3 Turn By Turn Navigation Strom Call Unboxing,Made in india,0
Boat Storm call 3 Turn By Turn Navigation Strom Call Unboxing,Mere pass hai,0
Boat Storm call 3 Turn By Turn Navigation Strom Call Unboxing,Bhaiya ismein time Kaise set karte hain uska video bnao,0
Boat Storm call 3 Turn By Turn Navigation Strom Call Unboxing,Smat wach name,0
Boat Storm call 3 Turn By Turn Navigation Strom Call Unboxing,Instamart se mene 699 me liya,0
Boat Storm call 3 Turn By Turn Navigation Strom Call Unboxing,Subscribe pls,0
Boat Storm call 3 Turn By Turn Navigation Strom Call Unboxing,Photo lagene me problem aa rahi hai,0
Boat Storm call 3 Turn By Turn Navigation Strom Call Unboxing,No I am have this watch smart watch,0
Boat Storm call 3 Turn By Turn Navigation Strom Call Unboxing,Whats the colour name and is that available????,0
Boat Storm call 3 Turn By Turn Navigation Strom Call Unboxing,I am waiting,0
15 days Battery Life .... boAt Storm Infinity ReviewinTamil,I didn't use smart watch,0
15 days Battery Life .... boAt Storm Infinity ReviewinTamil,Play store app sollunga bro,0
15 days Battery Life .... boAt Storm Infinity ReviewinTamil,1st time user ku best smart watch bro,0
15 days Battery Life .... boAt Storm Infinity ReviewinTamil,Mobile name ?,0
15 days Battery Life .... boAt Storm Infinity ReviewinTamil,Anna nanum in the watch vagitana 16 nala display fulla coducoda vanthuruchuna athuku oru solution solluna,0
15 days Battery Life .... boAt Storm Infinity ReviewinTamil,Is this compatible with apple phone,0
15 days Battery Life .... boAt Storm Infinity ReviewinTamil,bro iq neo 10r vs 1 12r vs realme gt 6t 8 256 gb which is best pls soluga bro or wait for realme gt7 and 1 nord 5 naa ipotha 12th mudecha one time investment 5 years use pananum pls reply panuga bro pls,0
15 days Battery Life .... boAt Storm Infinity ReviewinTamil,How about huwai fit 3,0
15 days Battery Life .... boAt Storm Infinity ReviewinTamil,watch charge ilama. naanum thaan ba.,0
15 days Battery Life .... boAt Storm Infinity ReviewinTamil,Kasu vangitaga patti,0
15 days Battery Life .... boAt Storm Infinity ReviewinTamil,broo redmi watch move review podunga broo 2000 kuu nalla irukkuu,0
15 days Battery Life .... boAt Storm Infinity ReviewinTamil,Redmi watch move review .,0
15 days Battery Life .... boAt Storm Infinity ReviewinTamil,But the watch strap is not good when compare to expect,0
15 days Battery Life .... boAt Storm Infinity ReviewinTamil,Me,0
15 days Battery Life .... boAt Storm Infinity ReviewinTamil,charge two week once it will stay for 2 weeks boat wave arcade,0
15 days Battery Life .... boAt Storm Infinity ReviewinTamil,1800- price varudhu bro,0
15 days Battery Life .... boAt Storm Infinity ReviewinTamil,Bro unga video pathu nan realme p3 5g vanga poren tomorrow it will come,0
15 days Battery Life .... boAt Storm Infinity ReviewinTamil,Bro rog strix g16 review panuga bro,0
15 days Battery Life .... boAt Storm Infinity ReviewinTamil,Fast track TWS,0
15 days Battery Life .... boAt Storm Infinity ReviewinTamil,Fast track touch watch,0
15 days Battery Life .... boAt Storm Infinity ReviewinTamil,Me 1 year,0
15 days Battery Life .... boAt Storm Infinity ReviewinTamil,Under 30k podunga anna,0
15 days Battery Life .... boAt Storm Infinity ReviewinTamil,Nice bro,1
15 days Battery Life .... boAt Storm Infinity ReviewinTamil,Its 2025 and still we have Notable Bezel in Watches,0
15 days Battery Life .... boAt Storm Infinity ReviewinTamil,Promotion video,0
15 days Battery Life .... boAt Storm Infinity ReviewinTamil,First cmt,0
I Tested boAt Wave Fury Smartwatch Under 1299,Bhai yah watch mere pass bhi hai lekin usko phone Se kaise connect karte hain mujhe a nahin Raha,0
I Tested boAt Wave Fury Smartwatch Under 1299,Ye to bakwass bhi ha ye kon bolega,-1
I Tested boAt Wave Fury Smartwatch Under 1299,Game khel sakte hai kya,0
I Tested boAt Wave Fury Smartwatch Under 1299,Mere pas h,0
I Tested boAt Wave Fury Smartwatch Under 1299,Yah mujhko de do,0
I Tested boAt Wave Fury Smartwatch Under 1299,How to change the time,0
I Tested boAt Wave Fury Smartwatch Under 1299,Ringtone nhi hai,-1
I Tested boAt Wave Fury Smartwatch Under 1299,Itna bhi jhuth nhi bolna hota jhhatu,0
I Tested boAt Wave Fury Smartwatch Under 1299,Calculater nhi hai,-1
I Tested boAt Wave Fury Smartwatch Under 1299,I also have this watch,0
I Tested boAt Wave Fury Smartwatch Under 1299,I have this,0
I Tested boAt Wave Fury Smartwatch Under 1299,Isko connect kaise karen iski video daliye mere pass bhi Hai Meri connect hi nahin ho rahi hai,-1
I Tested boAt Wave Fury Smartwatch Under 1299,Bhai mujhe to ye Rs 927,0
I Tested boAt Wave Fury Smartwatch Under 1299,Mara pass ha,0
I Tested boAt Wave Fury Smartwatch Under 1299,I have that,0
I Tested boAt Wave Fury Smartwatch Under 1299,Bhai koi batayega photo save karne ke baad photo blur hojata h,0
I Tested boAt Wave Fury Smartwatch Under 1299,Koi batayega smartwatch under 3000rs konsi best rahegi,0
I Tested boAt Wave Fury Smartwatch Under 1299,How can we use playstore in this watch,0
I Tested boAt Wave Fury Smartwatch Under 1299,Abi 999,0
I Tested boAt Wave Fury Smartwatch Under 1299,How to set time in this,0
I Tested boAt Wave Fury Smartwatch Under 1299,Mere paas toh already hai yeh,0
I Tested boAt Wave Fury Smartwatch Under 1299,iska timeing kaise change karna hai,0
I Tested boAt Wave Fury Smartwatch Under 1299,Mare pass ha,0
I Tested boAt Wave Fury Smartwatch Under 1299,Same my watch,0
I Tested boAt Wave Fury Smartwatch Under 1299,Calculator hai??,0
I Tested boAt Wave Fury Smartwatch Under 1299,Mere pas hai,0
I Tested boAt Wave Fury Smartwatch Under 1299,Bhai laken koi games tho nahi ha,0
I Tested boAt Wave Fury Smartwatch Under 1299,Bhai Mere paas Yeh Khud Hai,0
I Tested boAt Wave Fury Smartwatch Under 1299,Isme app le sakte hai,0
I Tested boAt Wave Fury Smartwatch Under 1299,Aadesh,0
I Tested boAt Wave Fury Smartwatch Under 1299,Abe yahi watch maine 999 me liya flipkart pe,0
I Tested boAt Wave Fury Smartwatch Under 1299,Yah watch mere pass 3000 ki mili hai,0
I Tested boAt Wave Fury Smartwatch Under 1299,acuracy test kr ke dikho iske,0
I Tested boAt Wave Fury Smartwatch Under 1299,Bhai sim kaise dale is watch me,0
I Tested boAt Wave Fury Smartwatch Under 1299,boat wave fury ko woater ma dalo,0
I Tested boAt Wave Fury Smartwatch Under 1299,Ye mere pass he,0
I Tested boAt Wave Fury Smartwatch Under 1299,Lekin copy hai watch,-1
I Tested boAt Wave Fury Smartwatch Under 1299,"Ye watch 4 months use ki aur accidentally screen gir k tuut gai, kaise repair karau, pls guide.",0
I Tested boAt Wave Fury Smartwatch Under 1299,Bro use boat wave lite smart watch,0
I Tested boAt Wave Fury Smartwatch Under 1299,Mai to 999 me li hai,0
I Tested boAt Wave Fury Smartwatch Under 1299,I purchase at least rs999 in bbd sale,0
I Tested boAt Wave Fury Smartwatch Under 1299,I have got this watch at 899 on flipkart big billion days,0
I Tested boAt Wave Fury Smartwatch Under 1299,Ye ab 899 ka ho Gaya hai,0
I Tested boAt Wave Fury Smartwatch Under 1299,Best,0
I Tested boAt Wave Fury Smartwatch Under 1299,I have also,0
I Tested boAt Wave Fury Smartwatch Under 1299,Bahut lag karti hai,0
I Tested boAt Wave Fury Smartwatch Under 1299,Kisne diya,0
I Tested boAt Wave Fury Smartwatch Under 1299,Please Bhai galaxy watch 6 dado,0
I Tested boAt Wave Fury Smartwatch Under 1299,Wave edge achhi hai,0
I Tested boAt Wave Fury Smartwatch Under 1299,Bhai ye watch mere bhi pass hai lekin mughe to ye watch 1699 ki mili magnatic strap ke sath,0
I Tested boAt Wave Fury Smartwatch Under 1299,Please comparison boat wave fury watch vs beatxp marv Neo,0
I Tested boAt Wave Fury Smartwatch Under 1299,Achi Laga,1
I Tested boAt Wave Fury Smartwatch Under 1299,Beatxp marv Ace be like -kya Karu me apni job chodu,0
I Tested boAt Wave Fury Smartwatch Under 1299,Rogbid model x smart watch,0
I Tested boAt Wave Fury Smartwatch Under 1299,Cake kaise banate ho,0
I Tested boAt Wave Fury Smartwatch Under 1299,Can these watches do that on a skinny waist?,0
I Tested boAt Wave Fury Smartwatch Under 1299,Raj Kumar Sharma and price of birth water,0
I Tested boAt Wave Fury Smartwatch Under 1299,bat kar sakte hai,0
I Tested boAt Wave Fury Smartwatch Under 1299,CR7,0
I Tested boAt Wave Fury Smartwatch Under 1299,Best smart watch,0
I Tested boAt Wave Fury Smartwatch Under 1299,Raja wali,0
I Tested boAt Wave Fury Smartwatch Under 1299,Watch ke scratch kaise jayegi,0
I Tested boAt Wave Fury Smartwatch Under 1299,Bhai iss me password aur game hai ???please reply me,0
I Tested boAt Wave Fury Smartwatch Under 1299,Bhaiya kya isme YouTube aur WhatsApp ka features bhi hai ya nahi,0
I Tested boAt Wave Fury Smartwatch Under 1299,Please review boat wave call smartwatch. And tell how to use it's sleep tracking feature.,0
I Tested boAt Wave Fury Smartwatch Under 1299,Boat is the best company,1
I Tested boAt Wave Fury Smartwatch Under 1299,Aachi haa,0
I Tested boAt Wave Fury Smartwatch Under 1299,Are meri smart watch luti hai kya bhai jaisi teri watch hai vaise hi mari watch hai,-1
I Tested boAt Wave Fury Smartwatch Under 1299,Ab ye 1099 mein bhi hain..,0
I Tested boAt Wave Fury Smartwatch Under 1299,I have same,0
I Tested boAt Wave Fury Smartwatch Under 1299,Rs,0
I Tested boAt Wave Fury Smartwatch Under 1299,Brother muji iska link da do,0
I Tested boAt Wave Fury Smartwatch Under 1299,Bhaiya mera watch ki bettery nhi chal rahi,-1
I Tested boAt Wave Fury Smartwatch Under 1299,We can insert sim card,0
I Tested boAt Wave Fury Smartwatch Under 1299,Watch se bat karne wala company dikaha,0
I Tested boAt Wave Fury Smartwatch Under 1299,Aap mujhe gift watch kar do kudedan wali koi si bhi le lunga please mujhe kar do Mera ground jila Sitapur,0
I Tested boAt Wave Fury Smartwatch Under 1299,I want pls,0
I Tested boAt Wave Fury Smartwatch Under 1299,I have things watch,0
I Tested boAt Wave Fury Smartwatch Under 1299,Bhai aap Ujjain me rehte ho kya,0
I Tested boAt Wave Fury Smartwatch Under 1299,Isma calculator hai please reply,0
I Tested boAt Wave Fury Smartwatch Under 1299,Boat wave fury vs Boat wave Infinity same price pe mil rhi hai at sale... which one should i buy?,0
I Tested boAt Wave Fury Smartwatch Under 1299,Bhai aap pls fire-bolt ki supernova smart watch ka review kar ye na pls pls pls pls pls pls pls pls pls pls pls pls,0
I Tested boAt Wave Fury Smartwatch Under 1299,Calling hai ki nahi,0
I Tested boAt Wave Fury Smartwatch Under 1299,Bhai meri watch 1 hour me charge ho gai or company to 2-3 hours dikha rahi hai koi dikkat hai kya,0
I Tested boAt Wave Fury Smartwatch Under 1299,S8 ultra watch anboking 4g sim,0
I Tested boAt Wave Fury Smartwatch Under 1299,Bhai mene ye watch le rakhi hai ye bahut bekar hai iske jagah aap boat wave elevet lo,0
I Tested boAt Wave Fury Smartwatch Under 1299,Soper,0
I Tested boAt Wave Fury Smartwatch Under 1299,good watch but I din't get this watch,0
I Tested boAt Wave Fury Smartwatch Under 1299,Please link pin comment,0
I Tested boAt Wave Fury Smartwatch Under 1299,Bhai ek bar dw89 ultra smart watch try karke dekho,0
I Tested boAt Wave Fury Smartwatch Under 1299,Very nice,1
I Tested boAt Wave Fury Smartwatch Under 1299,Aur use watch Hurricane fire bot Hurricane Ko Pani Mein Rakh Do,0
I Tested boAt Wave Fury Smartwatch Under 1299,Bhai big fan Ek Bar fire board hurry can be try karte Dekho iska waterproof check karao,0
boAt Wave sigma 3 new launch navigation watch big display,Boat wave astra 3 Smart Watch ka battery Backup bahut kam h only 2 days maximum,-1
boAt Wave sigma 3 new launch navigation watch big display,Mere pass h ye best h,0
boAt Wave sigma 3 new launch navigation watch big display,sigma,0
boAt Wave sigma 3 new launch navigation watch big display,Mere paas hai maine leliya Good,0
boAt Wave sigma 3 new launch navigation watch big display,Bhai yah mere pass,0
boAt Wave sigma 3 new launch navigation watch big display,bhai mere pass hai,0
boAt Wave sigma 3 new launch navigation watch big display,Salasar pahle tu smart watch deta hai,0
boAt Wave sigma 3 new launch navigation watch big display,Bhut acchi hai mere pas hai ye,1
boAt Wave sigma 3 new launch navigation watch big display,Mere pass bhi hai yah,0
boAt Wave sigma 3 new launch navigation watch big display,Size,0
boAt Wave sigma 3 new launch navigation watch big display,Bhai ye bata do connect kaise kare mobile se,0
boAt Wave sigma 3 new launch navigation watch big display,"Don't buy boat products online, they are sending damaged products, and if requested to replace the product, they are making excuses to wait for 48 hours each day, they are not even refunding the paid amount after taking back the product. It's been more than 20 days, and they neither made any replacement nor refunded the paid amount.",0
boAt Wave sigma 3 new launch navigation watch big display,Bhai ye on nahi horha hai nahi charge utha Raha hai Kaise thik hoga bhai,0
boAt Wave sigma 3 new launch navigation watch big display,Anna boat wave time alapatalopatand,0
boAt Wave sigma 3 new launch navigation watch big display,Calculator?,0
boAt Wave sigma 3 new launch navigation watch big display,My friend is the namaste,0
boAt Wave sigma 3 new launch navigation watch big display,Does this watch comes with steps tracking,0
boAt Wave sigma 3 new launch navigation watch big display,Bhai calculator hai ya nhi ess mai ....,0
boAt Wave sigma 3 new launch navigation watch big display,Is watch ki price kya hai,0
boAt Wave sigma 3 new launch navigation watch big display,boAt,0
boAt Wave sigma 3 new launch navigation watch big display,Chinese hai,0
boAt Wave sigma 3 new launch navigation watch big display,Can I play youtube in this?,0
boAt Wave sigma 3 new launch navigation watch big display,Iska battery backup bahut kam hai,-1
boAt Wave sigma 3 new launch navigation watch big display,Wave sigma 3 or fire boltt calling pro plus ?? Or anyother in this price .suggest pls,0
boAt Wave sigma 3 new launch navigation watch big display,Blutooth connect karne ke baad battery kitne din chalegi,0
boAt Wave sigma 3 new launch navigation watch big display,I use but battery life achi nhi hai,0
boAt Wave sigma 3 new launch navigation watch big display,Fastrack optimus 2 Pro kya ek acchi smart watch hai meri ek theme se upar aur medium se niche ki list hai usmein kya yah acchi lagegi,0
boAt Wave sigma 3 new launch navigation watch big display,Bekar hai yeh battery backup 1 din ka hai bas,0
boAt Wave sigma 3 new launch navigation watch big display,Iska navigation faltu hai. Or isme songs bhi nahi baja sakte totally waste of money hai ye watch,0
boAt Wave sigma 3 new launch navigation watch big display,Iske gane kese bajate hai?,0
boAt Wave sigma 3 new launch navigation watch big display,Bhai ye watch water proof h ya nahi,0
boAt Wave sigma 3 new launch navigation watch big display,Is it came with amolated screen?,0
boAt Wave sigma 3 new launch navigation watch big display,"Yashmi ,",0
boAt Wave sigma 3 new launch navigation watch big display,Bhai ham ispe alag alag straps laga sakte hai kya,0
boAt Wave sigma 3 new launch navigation watch big display,Boat storm call 3 ka straps ka link milega ??,0
boAt Wave sigma 3 new launch navigation watch big display,Sleep tracker kese on kare ??,0
boAt Wave sigma 3 new launch navigation watch big display,Gps full form gaand par shoot,-1
boAt Wave sigma 3 new launch navigation watch big display,Itni khaas nahi haan,0
boAt Wave sigma 3 new launch navigation watch big display,Itni lite h ki strap jada bhari h watch se aur watch dummy watch ki tarah lgti h,0
boAt Wave sigma 3 new launch navigation watch big display,Bhai bekar h maine aj hi mangai h return ke liye dal diya hu,0
boAt Wave sigma 3 new launch navigation watch big display,"Bai otp no coming, but what problem",0
boAt Wave sigma 3 new launch navigation watch big display,Your voice is very attractive,1
boAt Wave sigma 3 new launch navigation watch big display,Calling future bahut hi kharab hai mera ghata lag gaya online refund nhi hua toh uske ade daam mein kisi aur ko de diya,0
boAt Wave sigma 3 new launch navigation watch big display,Fasttrack ki amlowd watch lena thik rahega,1
boAt Wave sigma 3 new launch navigation watch big display,I am thinking to buy fireboltt phoenix amoled .. Should i buy this or something else? Plz tell.. Thanx!,0
boAt Wave sigma 3 new launch navigation watch big display,I am not satisfied with battery backup. 1 ya 2 din hi acche se jata hai...lekin claim karta hai 10 din ka... I am disappointed bOat.,0
boAt Wave sigma 3 new launch navigation watch big display,Kya hua batayiye pani ghusa hay kya,0
boAt Wave sigma 3 new launch navigation watch big display,Bhai boult crown blue me pani ghusa hay kya,0
boAt Wave sigma 3 new launch navigation watch big display,Boat ye wala vs noice icon 3 plus konsa best hai please batado?,0
boAt Wave sigma 3 new launch navigation watch big display,Full video upload plz,0
boAt Wave sigma 3 new launch navigation watch big display,3rd comment,0
boAt Wave sigma 3 new launch navigation watch big display,Wow navigation watch,0
boAt Wave sigma 3 new launch navigation watch big display,Sir khya mai beatxp vega neo buy karu ya nahi please bataye,0
Best Smartwatch to Buy in Sale!,Buy link -,0
Best Smartwatch to Buy in Sale!,What about health accuracy??,0
Best Smartwatch to Buy in Sale!,Mera pass hai,0
Best Smartwatch to Buy in Sale!,NOISE Is best,0
Best Smartwatch to Buy in Sale!,Bhai kya yeh is meh games bhi hai,0
Best Smartwatch to Buy in Sale!,Does it have blue tooth connection feature?,0
Best Smartwatch to Buy in Sale!,Game he kay,0
Best Smartwatch to Buy in Sale!,Bhai Mera boult crown isse behtar hain,1
